Workbook

Sheet How to Use
A1: VECV T5 — User Story Baseline & Delta Register
A2: A/B/C classification · Existing catalogues → T5 MDM/FERT Governance · v1.0 · Jul 2026
A4: PURPOSE
A5: This register applies Hemant’s baseline method to the T5 user-story catalogue. A rows retain an existing story as-is. B rows extend or improve an existing story for T5 and identify the linked baseline ID. C rows are genuinely new T5 governance capabilities. Each row requires an explicit business response before the catalogue is treated as validated.
A7: TAG LEGEND
A8: A — As-is | B8: Existing story retained without a functional change. Confirm that it remains applicable to T5. | C8: Confirm agreement ✓
A9: B — Modified / Improved | B9: Existing capability remains but is extended with T5 lineage, lifecycle, validation, workflow, approval or governance requirements. | C9: Accept the change ✓
A10: C — New | B10: No direct baseline story was found. Business must review and confirm the new T5 design. | C10: Confirm new design ✓
A12: HOW TO USE IN THE T5 REVIEW
A13: Step 1 — Review A rows | B13: Confirm the existing story is still applicable to T5 without functional change.
A14: Step 2 — Review B rows | B14: Compare the baseline story with the T5 treatment and accept or correct the stated delta.
A15: Step 3 — Review C rows | B15: Validate the persona, requirement, workflow, alerts and acceptance outcome for each new design.
A16: Step 4 — Validate against UX | B16: Demonstrate how the persona completes the story in the UX; a related screen alone is not validation.
A17: Step 5 — Record decision | B17: Update Business Sign-off as Confirmed, Change needed, Open question or Not applicable.
A18: Step 6 — Attach to FSD | B18: Use the completed register as the user-story traceability and business-validation record.

Sheet Summary
A1: T5 User Story Baseline & Delta Register — Summary
A2: Classification and business-action overview
A4: Tag | B4: Count | C4: % of total | D4: Business action required
A5: A — As-is | B5: =COUNTIF(Matrix!$G$5:$G$200,"A") -> 16 | C5: =B5/$B$8 -> 0.33333333 | D5: Confirm agreement on each row ✓
A6: B — Modified | B6: =COUNTIF(Matrix!$G$5:$G$200,"B") -> 16 | C6: =B6/$B$8 -> 0.33333333 | D6: Accept each stated T5 change ✓
A7: C — New | B7: =COUNTIF(Matrix!$G$5:$G$200,"C") -> 16 | C7: =B7/$B$8 -> 0.33333333 | D7: Review and confirm new design ✓
A8: TOTAL | B8: =SUM(B5:B7) -> 48 | C8: =SUM(C5:C7) -> 1
A11: BREAKDOWN BY T5 CAPABILITY
A12: Capability | B12: A | C12: B | D12: C | E12: Total
A13: Approval Workflow | B13: =COUNTIFS(Matrix!$A$5:$A$200,$A13,Matrix!$G$5:$G$200,B$12) -> 0 | C13: =COUNTIFS(Matrix!$A$5:$A$200,$A13,Matrix!$G$5:$G$200,C$12) -> 0 | D13: =COUNTIFS(Matrix!$A$5:$A$200,$A13,Matrix!$G$5:$G$200,D$12) -> 1 | E13: =SUM(B13:D13) -> 1
A14: Audit Trail | B14: =COUNTIFS(Matrix!$A$5:$A$200,$A14,Matrix!$G$5:$G$200,B$12) -> 0 | C14: =COUNTIFS(Matrix!$A$5:$A$200,$A14,Matrix!$G$5:$G$200,C$12) -> 0 | D14: =COUNTIFS(Matrix!$A$5:$A$200,$A14,Matrix!$G$5:$G$200,D$12) -> 1 | E14: =SUM(B14:D14) -> 1
A15: BOM Readiness | B15: =COUNTIFS(Matrix!$A$5:$A$200,$A15,Matrix!$G$5:$G$200,B$12) -> 0 | C15: =COUNTIFS(Matrix!$A$5:$A$200,$A15,Matrix!$G$5:$G$200,C$12) -> 1 | D15: =COUNTIFS(Matrix!$A$5:$A$200,$A15,Matrix!$G$5:$G$200,D$12) -> 0 | E15: =SUM(B15:D15) -> 1
A16: Change Reason | B16: =COUNTIFS(Matrix!$A$5:$A$200,$A16,Matrix!$G$5:$G$200,B$12) -> 0 | C16: =COUNTIFS(Matrix!$A$5:$A$200,$A16,Matrix!$G$5:$G$200,C$12) -> 0 | D16: =COUNTIFS(Matrix!$A$5:$A$200,$A16,Matrix!$G$5:$G$200,D$12) -> 1 | E16: =SUM(B16:D16) -> 1
A17: Characteristic Completeness | B17: =COUNTIFS(Matrix!$A$5:$A$200,$A17,Matrix!$G$5:$G$200,B$12) -> 0 | C17: =COUNTIFS(Matrix!$A$5:$A$200,$A17,Matrix!$G$5:$G$200,C$12) -> 0 | D17: =COUNTIFS(Matrix!$A$5:$A$200,$A17,Matrix!$G$5:$G$200,D$12) -> 1 | E17: =SUM(B17:D17) -> 1
A18: Combination Validation | B18: =COUNTIFS(Matrix!$A$5:$A$200,$A18,Matrix!$G$5:$G$200,B$12) -> 0 | C18: =COUNTIFS(Matrix!$A$5:$A$200,$A18,Matrix!$G$5:$G$200,C$12) -> 0 | D18: =COUNTIFS(Matrix!$A$5:$A$200,$A18,Matrix!$G$5:$G$200,D$12) -> 1 | E18: =SUM(B18:D18) -> 1
A19: Controlled Values | B19: =COUNTIFS(Matrix!$A$5:$A$200,$A19,Matrix!$G$5:$G$200,B$12) -> 0 | C19: =COUNTIFS(Matrix!$A$5:$A$200,$A19,Matrix!$G$5:$G$200,C$12) -> 0 | D19: =COUNTIFS(Matrix!$A$5:$A$200,$A19,Matrix!$G$5:$G$200,D$12) -> 1 | E19: =SUM(B19:D19) -> 1
A20: Coverage Report | B20: =COUNTIFS(Matrix!$A$5:$A$200,$A20,Matrix!$G$5:$G$200,B$12) -> 1 | C20: =COUNTIFS(Matrix!$A$5:$A$200,$A20,Matrix!$G$5:$G$200,C$12) -> 0 | D20: =COUNTIFS(Matrix!$A$5:$A$200,$A20,Matrix!$G$5:$G$200,D$12) -> 0 | E20: =SUM(B20:D20) -> 1
A21: Data Quality | B21: =COUNTIFS(Matrix!$A$5:$A$200,$A21,Matrix!$G$5:$G$200,B$12) -> 0 | C21: =COUNTIFS(Matrix!$A$5:$A$200,$A21,Matrix!$G$5:$G$200,C$12) -> 0 | D21: =COUNTIFS(Matrix!$A$5:$A$200,$A21,Matrix!$G$5:$G$200,D$12) -> 1 | E21: =SUM(B21:D21) -> 1
A22: Dealer Segmentation | B22: =COUNTIFS(Matrix!$A$5:$A$200,$A22,Matrix!$G$5:$G$200,B$12) -> 2 | C22: =COUNTIFS(Matrix!$A$5:$A$200,$A22,Matrix!$G$5:$G$200,C$12) -> 0 | D22: =COUNTIFS(Matrix!$A$5:$A$200,$A22,Matrix!$G$5:$G$200,D$12) -> 0 | E22: =SUM(B22:D22) -> 2
A23: Dealer Visibility | B23: =COUNTIFS(Matrix!$A$5:$A$200,$A23,Matrix!$G$5:$G$200,B$12) -> 1 | C23: =COUNTIFS(Matrix!$A$5:$A$200,$A23,Matrix!$G$5:$G$200,C$12) -> 0 | D23: =COUNTIFS(Matrix!$A$5:$A$200,$A23,Matrix!$G$5:$G$200,D$12) -> 0 | E23: =SUM(B23:D23) -> 1
A24: Demand Restriction | B24: =COUNTIFS(Matrix!$A$5:$A$200,$A24,Matrix!$G$5:$G$200,B$12) -> 0 | C24: =COUNTIFS(Matrix!$A$5:$A$200,$A24,Matrix!$G$5:$G$200,C$12) -> 0 | D24: =COUNTIFS(Matrix!$A$5:$A$200,$A24,Matrix!$G$5:$G$200,D$12) -> 1 | E24: =SUM(B24:D24) -> 1
... A55: Supply Plan Review | B55: =COUNTIFS(Matrix!$A$5:$A$200,$A55,Matrix!$G$5:$G$200,B$12) -> 1 | C55: =COUNTIFS(Matrix!$A$5:$A$200,$A55,Matrix!$G$5:$G$200,C$12) -> 0 | D55: =COUNTIFS(Matrix!$A$5:$A$200,$A55,Matrix!$G$5:$G$200,D$12) -> 0 | E55: =SUM(B55:D55) -> 1

Sheet Matrix
A1: VECV T5 — User Story Baseline & Delta Register
A2: Existing catalogue → T5 MDM/FERT Governance · A = As-is · B = Modified/Improved · C = New
A3: A — As-is | D3: B — Modified / Improved | G3: C — New
A4: Capability | B4: Baseline Story ID | C4: Persona | D4: Priority | E4: Baseline User Story / Process | F4: T5 Treatment / User Story | G4: Tag | H4: What Changed / Why | I4: Business Sign-off | J4: Sign-off Date
A5: Approval Workflow | B5: — | C5: MDM Governance Lead | D5: Must Have | E5: No direct existing user story identified in the supplied catalogues. | F5: [T5-MDM-013] As a MDM Governance Lead, I want to route FERT creation, modification, blocking, and retirement through role-based approval, so that material master changes are authorized before publication. | G5: C | H5: New role-based approval workflow for FERT creation, modification, blocking and retirement. | I5: Pending
A6: Audit Trail | B6: — | C6: MDM Governance Lead | D6: Should Have | E6: No direct existing user story identified in the supplied catalogues. | F6: [T5-MDM-014] As a MDM Governance Lead, I want to view who changed a FERT field, what changed, when it changed, and who approved it, so that master-data decisions are traceable for governance and audit. | G6: C | H6: New field-level governance audit trail with requester, approver and timestamps. | I6: Pending
A7: BOM Readiness | B7: IScP14; PPC4 | C7: PPC Planner | D7: Should Have | E7: As a Supply Planner, I want to review part-to-FERT and FERT-to-part requirements, so that component and finished-goods requirements can be reconciled. As a PPC Planner, I want to review the monthly sales demand plan for NPI products, so that production readiness for new products can be planned. | F7: [T5-MDM-020] As a PPC Planner, I want to view EBOM-to-MBOM readiness against each FERT, so that production planning starts only when the product structure is ready. | G7: B | H7: Extends part-to-FERT and NPI visibility with EBOM-to-MBOM readiness by FERT. | I7: Pending
A8: Change Reason | B8: — | C8: Product Data Owner | D8: Should Have | E8: No direct existing user story identified in the supplied catalogues. | F8: [T5-MDM-019] As a Product Data Owner, I want to record whether a FERT was created or changed for a regulatory, engineering, commercial, state-specific, or customer-specific reason, so that planners understand why a new code exists and how it should be treated. | G8: C | H8: New governed change-reason classification for regulatory, engineering, commercial, state and customer changes. | I8: Pending
A9: Characteristic Completeness | B9: — | C9: MDM Analyst | D9: Must Have | E9: No direct existing user story identified in the supplied catalogues. | F9: [T5-MDM-002] As a MDM Analyst, I want to capture mandatory planning characteristics including vertical, model, fuel, engine, wheelbase, tonnage, platform, MPG, and body type, so that each FERT can be consistently grouped, forecast, and reported. | G9: C | H9: New governed characteristic template and completeness control for T5. | I9: Pending
A10: Combination Validation | B10: — | C10: MDM Data Steward | D10: Must Have | E10: No direct existing user story identified in the supplied catalogues. | F10: [T5-MDM-005] As a MDM Data Steward, I want to validate characteristic combinations before a FERT is approved, so that invalid combinations such as wrong division, vehicle class, fuel, or platform are prevented. | G10: C | H10: New cross-characteristic combination validation before FERT approval. | I10: Pending
A11: Controlled Values | B11: — | C11: MDM Data Steward | D11: Should Have | E11: No direct existing user story identified in the supplied catalogues. | F11: [T5-MDM-004] As a MDM Data Steward, I want to maintain controlled value lists for key FERT attributes, so that users select standardized values instead of creating inconsistent descriptions. | G11: C | H11: New controlled-value governance for FERT characteristics. | I11: Pending
A12: Coverage Report | B12: IScP16 | C12: Supply Planner | D12: Existing | E12: As a Supply Planner, I want to review supply availability by FERT, so that coverage risks can be identified at finished-goods level. | F12: [IScP16] Carried as-is: As a Supply Planner, I want to review supply availability by FERT, so that coverage risks can be identified at finished-goods level. | G12: A | H12: No functional change. Existing story is relevant to T5 and requires explicit business confirmation. | I12: Pending
A13: Data Quality | B13: — | C13: MDM Data Steward | D13: Must Have | E13: No direct existing user story identified in the supplied catalogues. | F13: [T5-MDM-003] As a MDM Data Steward, I want to identify missing, incorrect, or inconsistent FERT characteristics, so that master-data issues are corrected before they affect planning. | G13: C | H13: New MDM data-quality validation and source-correction requirement. | I13: Pending
A14: Dealer Segmentation | B14: 0.1DP05 | C14: Demand Planner | D14: Existing | E14: As a Demand Planner, I want to compare dealer FERT segmentation with VECV segmentation, so that material differences can be identified and resolved. | F14: [0.1DP05] Carried as-is: As a Demand Planner, I want to compare dealer FERT segmentation with VECV segmentation, so that material differences can be identified and resolved. | G14: A | H14: No functional change. Existing story is relevant to T5 and requires explicit business confirmation. | I14: Pending
A15: Dealer Segmentation | B15: 0.2DP04 | C15: Demand Planner | D15: Existing | E15: As a Demand Planner, I want to review FERT segmentation at dealer level, so that dealer-specific demand behavior can be understood and planned. | F15: [0.2DP04] Carried as-is: As a Demand Planner, I want to review FERT segmentation at dealer level, so that dealer-specific demand behavior can be understood and planned. | G15: A | H15: No functional change. Existing story is relevant to T5 and requires explicit business confirmation. | I15: Pending
A16: Dealer Visibility | B16: 7DP12 | C16: Dealer | D16: Existing | E16: As a Dealer, I want to view the classification for my FERT codes, so that I can understand how my products are treated in planning. | F16: [7DP12] Carried as-is: As a Dealer, I want to view the classification for my FERT codes, so that I can understand how my products are treated in planning. | G16: A | H16: No functional change. Existing story is relevant to T5 and requires explicit business confirmation. | I16: Pending
... A52: Supply Plan Review | B52: IScP14 | C52: Supply Planner | D52: Existing | E52: As a Supply Planner, I want to review part-to-FERT and FERT-to-part requirements, so that component and finished-goods requirements can be reconciled. | F52: [IScP14] Carried as-is: As a Supply Planner, I want to review part-to-FERT and FERT-to-part requirements, so that component and finished-goods requirements can be reconciled. | G52: A | H52: No functional change. Existing story is relevant to T5 and requires explicit business confirmation. | I52: Pending
